{
  "$schema": "../schema.json",
  "includes": ["palette.json"],
  "widgets": {
    "rightBar": {
      "right": 2,
      "top": 1
    },
    "upgrades": {
      "$comment": "The upgrade panel found on some screens",
      "right": 2,
      "top": 0
    },
    "nextPage": {
      "left": 18,
      "top": 18
    },
    "prevPage": {
      "left": 8,
      "top": 18
    },
    "numberInputField": {
      "left": 29,
      "top": 18,
      "width": 80,
      "height": 9
    },
    "reverseAll": {
      "left": 120,
      "top": 18
    },
    "reverseThisPage" : {
      "left": 130,
      "top": 18
    },
    "verticalToolbar": {
      "left": 3,
      "top": 1
    }
  }
}
